scene,budget_kind,budget,anchor,mse_restir_reuse,mse_pt_same_budget,gain_pt_over_restir
cornell,time,0.008467666666666667,restir_s1,0.0931896301934241,0.47069552898737105,5.050943200551358
cornell,time,0.010212333333333332,restir_s4,0.10379125700201748,0.36415455271693337,3.50852820589556
cornell,time,0.014856666666666666,restir_s16,0.1682129934180845,0.21790931544111022,1.2954368804287797
cornell,time,0.036393666666666664,restir_s64,2.093391533582801,0.056830376889526545,0.02714751444143963
cornell,rays,3.8301,restir_s1,0.0931896301934241,,
cornell,rays,6.1226,restir_s4,0.10379125700201748,0.44515039026684705,4.288900656229592
cornell,rays,15.3528,restir_s16,0.1682129934180845,0.21708426884227508,1.2905321071287497
cornell,rays,52.1504,restir_s64,2.093391533582801,0.07073986441188944,0.033791989351757555
occlusion,time,0.008952333333333333,restir_s1,0.06722902973944163,0.12998783567446212,1.933507536524827
occlusion,time,0.011020333333333333,restir_s4,0.07778665824805472,0.09897017860948899,1.2723284537289403
occlusion,time,0.013752333333333333,restir_s16,0.06098421244902351,0.07401779711099242,1.2137206358590535
occlusion,time,0.03007766666666667,restir_s64,0.1096115956910077,0.172930096805381,1.5776624335701355
occlusion,rays,3.2941,restir_s1,0.06722902973944163,,
occlusion,rays,5.4076,restir_s4,0.07778665824805472,0.19865140246203966,2.553797874033334
occlusion,rays,13.8974,restir_s16,0.06098421244902351,0.08126643635537117,1.3325815500741525
occlusion,rays,47.8214,restir_s64,0.1096115956910077,0.1356773458706006,1.2378010283973202
hdr,time,0.008425666666666666,restir_s1,7.664312690496795,22.857813003613224,2.982369577895131
hdr,time,0.009618,restir_s4,9.2335251256222,18.3894313042479,1.9915937904602528
hdr,time,0.01594833333333333,restir_s16,1.9815668348978426,8.009701081627693,4.04210493462393
hdr,time,0.031919333333333334,restir_s64,4.850770227708383,2.946369596316541,0.6074024243585899
hdr,rays,4.5618,restir_s1,7.664312690496795,,
hdr,rays,7.4448,restir_s4,9.2335251256222,31.16060589800112,3.37472476373441
hdr,rays,19.0687,restir_s16,1.9815668348978426,10.745251664942627,5.422603707180326
hdr,rays,65.3745,restir_s64,4.850770227708383,2.904450559320972,0.5987606963385488
